{"cameraMode":{"drawMode":0,"name":"Shaded","section":"Shading Mode"},"sceneLighting":true,"audioPlay":false,"sceneViewState":{"m_AlwaysRefresh":false,"showFog":true,"showSkybox":true,"showFlares":true,"showImageEffects":true,"showParticleSystems":true,"showVisualEffectGraphs":true,"m_FxEnabled":true},"in2DMode":false,"pivot":{"x":-30.593730926513673,"y":10.970050811767579,"z":40.39481735229492},"rotation":{"x":0.050443682819604877,"y":0.9486689567565918,"z":-0.24122263491153718,"w":0.19834621250629426},"size":25.425973892211915,"orthographic":false}